feature,importance
hours_operation,0.9999999358552725
mean_vibration,1.1269756477525216e-08
rms_vibration,1.0127392695801742e-08
kurtosis,9.808606316759831e-09
crest_factor,9.295522044500136e-09
max_vibration,8.170231800457126e-09
std_vibration,7.919727092757648e-09
peak_to_peak,7.553491083846171e-09
